{
    "learning_rate": 0.2367366613164073,
    "depth": 6,
    "l2_leaf_reg": 6.068073209516421,
    "iterations": 251,
    "border_count": 123
}