{
    "learning_rate": 0.27024349994017527,
    "depth": 6,
    "l2_leaf_reg": 7.162070222037684,
    "iterations": 243,
    "border_count": 155
}