{
    "learning_rate": 0.11327114705127682,
    "num_leaves": 29,
    "max_depth": 12,
    "min_child_samples": 11,
    "subsample": 0.6454638392277356,
    "colsample_bytree": 0.501292677205366,
    "reg_alpha": 0.7224308689715246,
    "reg_lambda": 0.1780199013546951,
    "n_estimators": 68
}