{
    "eta": 0.2377243998901392,
    "max_depth": 30,
    "subsample": 0.6934145922176526,
    "colsample_bytree": 0.7871183095074598,
    "min_child_weight": 0.2631986020154868,
    "reg_lambda": 5.443297437315757,
    "reg_alpha": 0.047334295966659064
}