{
    "eta": 0.2522902630610552,
    "max_depth": 23,
    "subsample": 0.9248921529498372,
    "colsample_bytree": 0.6605535338067056,
    "min_child_weight": 0.1643712738302978,
    "reg_lambda": 4.853247474212227,
    "reg_alpha": 2.1651688340506476
}