{
    "learning_rate": 0.21998526108223615,
    "depth": 7,
    "l2_leaf_reg": 3.773987462927183,
    "iterations": 260,
    "border_count": 189
}