{
    "learning_rate": 0.1237969375744542,
    "depth": 5,
    "l2_leaf_reg": 0.7217296998899627,
    "iterations": 891,
    "bagging_temperature": 0.3426797863395877,
    "border_count": 211
}