{
    "learning_rate": 0.02890749764579598,
    "num_leaves": 30,
    "max_depth": 10,
    "min_child_samples": 20,
    "subsample": 0.6551380752101006,
    "colsample_bytree": 0.7354530115458973,
    "reg_alpha": 0.967771032261964,
    "reg_lambda": 0.2565861612717495,
    "n_estimators": 289
}