{
    "learning_rate": 0.027467795915354226,
    "num_leaves": 20,
    "max_depth": 19,
    "min_child_samples": 14,
    "subsample": 0.5005480382665557,
    "colsample_bytree": 0.5200686221039026,
    "reg_lambda": 2.388924257264792,
    "reg_alpha": 3.863820888682473,
    "n_estimators": 893,
    "min_child_weight": 0.8960575874142038
}