{
    "eta": 0.07512598075932195,
    "max_depth": 24,
    "subsample": 0.9572614034847711,
    "colsample_bytree": 0.5125548907090061,
    "min_child_weight": 9.064851021868197,
    "reg_lambda": 7.08437279848872,
    "reg_alpha": 0.02052053049049445,
    "n_estimators": 178
}